Title,Takeaway,Authors,Year,Citations,Abstract,Study Type,Journal,Journal SJR Quartile,DOI,Consensus Link
"Randomized dose-escalation trial of elamipretide in adults with primary mitochondrial myopathy","Elamipretide improved exercise performance in patients with primary mitochondrial myopathy after 5 days of treatment without increased safety concerns.","A. Karaa, R. Haas, A. Goldstein, J. Vockley, W. Weaver, B. Cohen",2018,84,"To assess the safety and efficacy of elamipretide, an aromatic-cationic tetrapeptide that readily penetrates cell membranes and transiently localizes to the inner mitochondrial membrane where it associates with cardiolipin, in adults with primary mitochondrial myopathy (PMM). A Study Investigating the Safety, Tolerability, and Efficacy of MTP-131 for the Treatment of Mitochondrial Myopathy (MMPOWER) was a phase I/II multicenter, randomized, double-blind, placebo-controlled trial of elamipretide in 36 participants with genetically confirmed PMM. Participants were randomized to intravenous elamipretide (0.01, 0.1, and 0.25 mg/kg/h or placebo for 2 hours in a dose-escalating sequence). The primary efficacy measure was the change in distance walked in the 6-minute walk test (6MWT) after 5 days of treatment. Other efficacy measures included changes in cardiopulmonary exercise testing parameters, in participant-reported symptoms, and in serum and urinary biomarkers. Safety, tolerability, and pharmacokinetics were also measured. Participants who received the highest dose of elamipretide walked a mean of 64.5 m farther at day 5 compared to a change of 20.4 m in the placebo group (= 0.053). In addition, there was a dose-dependent increase in distance walked on the 6MWT with elamipretide treatment (= 0.014). In a model that adjusted for additional covariates possibly affecting response, the adjusted change for the highest dose of elamipretide was 51.2 vs 3.0 m in the placebo group (= 0.0297). No significant differences were observed in other efficacy and safety endpoints. Elamipretide increased exercise performance after 5 days of treatment in patients with PMM without increased safety concerns. These findings, as well as additional functional and patient-reported measures, remain to be tested in larger trials with longer treatment periods to detect other potential therapeutic benefits in individuals affected by this condition. This trial provides Class I evidence that for patients with PMM, elamipretide improved the distance walked on the 6MWT.","rct","Neurology","1","10.1212/wnl.0000000000005255","https://consensus.app/papers/randomized-doseescalation-trial-of-elamipretide-in-karaa-haas/354ba5d3c1b35dbfb8dba59ad7d954ba/"
"Phase 1 Clinical Trial of Elamipretide in Intermediate Age-Related Macular Degeneration and High-Risk Drusen","Elamipretide appears to be generally safe and well-tolerated in treating intermediate age-related macular degeneration and high-risk drusen, with potential positive effects on visual function under low-luminance conditions.","Michael J. Allingham, Priyatham S. Mettu, S. Cousins",2021,17,"","","Ophthalmology Science","1","10.1016/j.xops.2021.100095","https://consensus.app/papers/phase-1-clinical-trial-of-elamipretide-in-intermediate-allingham-mettu/477f2b4dc0ac5956819053fb41fdb21e/"
"Phase 1 Clinical Trial of Elamipretide in Dry Age-Related Macular Degeneration and Noncentral Geographic Atrophy","Elamipretide is a well-tolerated and potentially effective treatment for dry age-related macular degeneration and noncentral geographic atrophy, with potential improvements in visual function under low luminance conditions.","Priyatham S. Mettu, Michael J. Allingham, S. Cousins",2021,15,"","","Ophthalmology Science","1","10.1016/j.xops.2021.100086","https://consensus.app/papers/phase-1-clinical-trial-of-elamipretide-in-dry-agerelated-mettu-allingham/9a31175980d7510cb1eb6b40decc7b76/"
"A randomized crossover trial of elamipretide in adults with primary mitochondrial myopathy","Elamipretide treatment for 4 weeks showed a clinically meaningful change in exercise performance and reduced fatigue and muscle complaints in patients with primary mitochondrial myopathy.","A. Karaa, R. Haas, A. Goldstein, J. Vockley, B. Cohen",2020,48,"This study aims to evaluate the effect of subcutaneous (SC) elamipretide dosing on exercise performance using the 6 min walk test (6MWT), patient-reported outcomes measuring fatigue, functional assessments, and safety to guide the development of the Phase 3 trial. MMPOWER-2 was a randomized, double-blind, placebo-controlled, crossover trial that enrolled participants (N = 30) with genetically confirmed primary mitochondrial myopathy. Participants were randomly assigned (1:1) to 40 mg/day SC elamipretide for 4 weeks followed by placebo SC for 4 weeks, separated by a 4-week washout period, or the opposite sequence. The primary endpoint was the distance walked on the 6MWT. The distance walked on the 6MWT by the elamipretide-treated participants was 398.3 (±134.16) meters compared with 378.5 (±125.10) meters in the placebo-treated group, a difference of 19.8 m (95% confidence interval, -2.8, 42.5; P = 0.0833). The results of the Primary Mitochondrial Myopathy Symptom Assessment Total Fatigue and Total Fatigue During Activities scores showed that participants treated with elamipretide reported less fatigue and muscle complaints compared with placebo (P = 0.0006 and P = 0.0018, respectively). Additionally, the Neuro-QoL Fatigue Short Form and Patient Global Assessment showed reductions in symptoms (P = 0.0115 and P = 0.0421, respectively). In this 4-week treatment period, no statistically significant change was observed in the Physician Global Assessment (P = 0.0636), the Triple Timed Up and Go (P = 0.8423) test, and wrist/hip accelerometry (P = 0.9345 and P = 0.7326, respectively). Injection site reactions were the most commonly reported adverse events with elamipretide (80%), the majority of which were mild. No serious adverse events or deaths were reported. Participants who received a short-course treatment of daily SC elamipretide for 4 weeks experienced a clinically meaningful change in the 6MWT, which did not achieve statistical significance as the primary endpoint of the study. Secondary endpoints were suggestive of an elamipretide treatment effect compared with placebo. Nominal statistically significant and clinically meaningful improvements were seen in patient-reported outcomes. The results of this trial provided an efficacy signal and data to support the initiation of MMPOWER-3, a 6-month long, Phase 3 treatment trial in patients with primary mitochondrial myopathy.","rct","Journal of Cachexia, Sarcopenia and Muscle","1","10.1002/jcsm.12559","https://consensus.app/papers/a-randomized-crossover-trial-of-elamipretide-in-adults-karaa-haas/a8b19b980ea458ae856d703b3f119bcd/"
"Effects of Elamipretide on Left Ventricular Function in Patients with Heart Failure with Reduced Ejection Fraction: The PROGRESS-HF Phase 2 Trial.","Elamipretide is well-tolerated but does not significantly improve left ventricular function in patients with heart failure with reduced ejection fraction compared to placebo.","J. Butler, M. Khan, S. Anker, G. Fonarow, R. Kim, S. Nodari, C. O'connor, B. Pieske, E. Pieske‐Kraigher, H. Sabbah, M. Senni, A. Voors, J. Udelson, Jim Carr, M. Gheorghiade, G. Filippatos",2020,77,"","rct","Journal of cardiac failure","1","10.1016/j.cardfail.2020.02.001","https://consensus.app/papers/effects-of-elamipretide-on-left-ventricular-function-in-butler-khan/412727db58245c13929839bd112d01d7/"
"Novel Mitochondria-Targeting Peptide in Heart Failure Treatment: A Randomized, Placebo-Controlled Trial of Elamipretide","Elamipretide is a safe and well-tolerated single infusion that can improve left ventricular volume in heart failure patients with reduced ejection fraction.","M. Daubert, E. Yow, Gary Dunn, S. Marchev, H. Barnhart, P. Douglas, C. O'connor, S. Goldstein, J. Udelson, H. Sabbah",2017,148,"Mitochondrial dysfunction and energy depletion in the failing heart are innovative therapeutic targets in heart failure management. Elamipretide is a novel tetrapeptide that increases mitochondrial energy; however, its safety, tolerability, and therapeutic effect on cardiac structure and function have not been studied in heart failure with reduced ejection fraction. In this double-blind, placebo-controlled, ascending-dose trial, patients with heart failure with reduced ejection fraction (ejection fraction, ≤35%) were randomized to either a single 4-hour infusion of elamipretide (cohort 1 [n=8], 0.005; cohort 2 [n=8], 0.05; and cohort 3 [n=8], 0.25 mg·kg·h) or placebo control (n=12). Safety and efficacy were assessed by clinical, laboratory, and echocardiographic assessments performed at pre-, mid- and end-infusion and 6-, 8-, 12- and 24-hours postinfusion start. Peak plasma concentrations of elamipretide occurred at end-infusion and were undetectable by 24 hours postinfusion. There were no serious adverse events. Blood pressure and heart rate remained stable in all cohorts. Compared with placebo, a significant decrease in left ventricular end-diastolic volume (-18 mL;=0.009) and end-systolic volume (-14 mL;=0.005) occurred at end infusion in the highest dose cohort. This is the first study to evaluate elamipretide in heart failure with reduced ejection fraction and demonstrates that a single infusion of elamipretide is safe and well tolerated. High-dose elamipretide resulted in favorable changes in left ventricular volumes that correlated with peak plasma concentrations, supporting a temporal association and dose-effect relationship. Further study of elamipretide is needed to determine long-term safety and efficacy. URL: https://www.clinicaltrials.gov. Unique identifier: NCT02388464.","rct","Circulation: Heart Failure","1","10.1161/circheartfailure.117.004389","https://consensus.app/papers/novel-mitochondriatargeting-peptide-in-heart-failure-daubert-yow/d41f834d9be257bab1d3c5a56bbe3c4b/"
"A phase 2/3 randomized clinical trial followed by an open-label extension to evaluate the effectiveness of elamipretide in Barth syndrome, a genetic disorder of mitochondrial cardiolipin metabolism","Elamipretide daily administration led to significant improvements in Barth syndrome symptoms, including increased walking distance and reduced symptom severity.","W. Reid Thompson, Brittany Hornby, Ryan Manuel, E. Bradley, Jan-Jakob Laux, Jim Carr, H. Vernon",2020,89,"To evaluate effectiveness of elamipretide in Barth syndrome (BTHS), a genetic condition of defects in TAZ, which causes abnormal cardiolipin on the inner mitochondrial membrane. We performed a randomized, double-blind, placebo-controlled crossover trial followed by an open-label extension in BTHS to test the effect of elamipretide, a mitochondrial tetrapeptide that interacts with cardiolipin. In part 1, 12 subjects were randomized to 40 mg per day of elamipretide or placebo for 12 weeks, followed by a 4-week washout and then 12 weeks on the opposite arm. Ten subjects continued on the open-label extension (part 2) of 40 mg per day of elamipretide, with eight subjects reaching 36 weeks. Primary endpoints were improvement on the 6-minute walk test (6MWT) and improvement on a BTHS Symptom Assessment (BTHS-SA) scale. In part 1 neither primary endpoint was met. At 36 weeks in part 2, there were significant improvements in 6MWT (+95.9 m, p = 0.024) and BTHS-SA (-2.1 points, p = 0.031). There were also significant improvements in secondary endpoints including knee extensor strength, patient global impression of symptoms, and some cardiac parameters. In this interventional clinical trial in BTHS, daily administration of elamipretide led to improvement in BTHS symptoms.","rct","Genetics in Medicine","1","10.1038/s41436-020-01006-8","https://consensus.app/papers/a-phase-23-randomized-clinical-trial-followed-by-an-thompson-hornby/8f2bb709622750e49fb13052fca79d15/"
"Elamipretide: A Review of Its Structure, Mechanism of Action, and Therapeutic Potential","Elamipretide shows promising therapeutic potential in stabilizing mitochondrial fitness, improving bioenergetics, and minimizing oxidative stress in various diseases involving mitochondrial dysfunction.","Cheryl Tung, Fahimeh Varzideh, Emanuele Farroni, P. Mone, U. Kansakar, Stanislovas S. Jankauskas, G. Santulli",2025,38,"Mitochondria serve an essential metabolic and energetic role in cellular activity, and their dysfunction has been implicated in a wide range of disorders, including cardiovascular conditions, neurodegenerative disorders, and metabolic syndromes. Mitochondria-targeted therapies, such as Elamipretide (SS-31, MTP-131, Bendavia), have consequently emerged as a topic of scientific and clinical interest. Elamipretide has a unique structure allowing for uptake in a variety of cell types and highly selective mitochondrial targeting. This mitochondria-targeting tetrapeptide selectively binds cardiolipin (CL), a lipid found in the inner mitochondrial membrane, thus stabilizing mitochondrial cristae structure, reducing oxidative stress, and enhancing adenosine triphosphate (ATP) production. Preclinical studies have demonstrated the protective and restorative efficacy of Elamipretide in models of heart failure, neurodegeneration, ischemia-reperfusion injury, metabolic syndromes, and muscle atrophy and weakness. Clinical trials such as PROGRESS-HF, TAZPOWER, MMPOWER-3, and ReCLAIM elaborate on preclinical findings and highlight the significant therapeutic potential of Elamipretide. Further research may expand its application to other diseases involving mitochondrial dysfunction as well as investigate long-term efficacy and safety of the drug. The following review synthesizes current knowledge of the structure, mechanisms of action, and the promising therapeutic role of Elamipretide in stabilizing mitochondrial fitness, improving mitochondrial bioenergetics, and minimizing oxidative stress.","","International Journal of Molecular Sciences","1","10.3390/ijms26030944","https://consensus.app/papers/elamipretide-a-review-of-its-structure-mechanism-of-action-tung-varzideh/285339dc2e565c8f8e83a7a73ff1a61b/"
"Application Research of Novel Peptide Mitochondrial-Targeted Antioxidant SS-31 in mitigating Mitochondrial Dysfunction.","SS-31, a novel synthetic mitochondrial-targeted antioxidant, shows promising therapeutic potential in alleviating mitochondrial dysfunction-related ailments by reducing oxidative stress, suppressing inflammation, and maintaining mitochondrial dynamics.","Xinrong Du, Qin Zeng, Yunchang Luo, Libing He, Yuhong Zhao, Ninjing Li, Changli Han, Guohui Zhang, Weixin Liu",2024,30,"","","Mitochondrion","2","10.1016/j.mito.2024.101846","https://consensus.app/papers/application-research-of-novel-peptide-du-zeng/c89bc42d22a857b3b4e37fed1e2df6f3/"
"The mitochondria-targeted peptide SS-31 binds lipid bilayers and modulates surface electrostatics as a key component of its mechanism of action","The mitochondria-targeted peptide SS-31 modulates surface electrostatics in lipid bilayers, potentially underpinning its mitoprotective properties and reducing calcium stress in mitochondria.","W. Mitchell, Emily A. Ng, Jeffrey D. Tamucci, Kevin J Boyd, M. Sathappa, A. Coscia, Meixia Pan, Xianlin Han, Nicholas A. Eddy, Eric R. May, H. Szeto, Nathan N. Alder",2020,66,"Mitochondrial dysfunction underlies many heritable diseases, acquired pathologies, and aging-related declines in health. Szeto-Schiller (SS) peptides comprise a class of amphipathic tetrapeptides that are efficacious toward a wide array of mitochondrial disorders and are believed to target mitochondrial membranes because they are enriched in the anionic phospholipid cardiolipin (CL). However, little is known regarding how SS peptides interact with or alter the physical properties of lipid bilayers. In this study, using biophysical and computational approaches, we have analyzed the interactions of the lead compound SS-31 (elamipretide) with model and mitochondrial membranes. Our results show that this polybasic peptide partitions into the membrane interfacial region with an affinity and a lipid binding density that are directly related to surface charge. We found that SS-31 binding does not destabilize lamellar bilayers even at the highest binding concentrations; however, it did cause saturable alterations in lipid packing. Most notably, SS-31 modulated the surface electrostatics of both model and mitochondrial membranes. We propose nonexclusive mechanisms by which the tuning of surface charge could underpin the mitoprotective properties of SS-31, including alteration of the distribution of ions and basic proteins at the interface, and/or modulation of bilayer physical properties. As a proof of concept, we show that SS-31 alters divalent cation (calcium) distribution within the interfacial region and reduces the energetic burden of calcium stress in mitochondria. The mechanistic details of SS-31 revealed in this study will help inform the development of future compound variants with enhanced efficacy and bioavailability.","non-rct in vitro","The Journal of Biological Chemistry","1","10.1074/jbc.ra119.012094","https://consensus.app/papers/the-mitochondriatargeted-peptide-ss31-binds-lipid-mitchell-ng/91bb6af0702f5cc09c3b032fda46af8f/"
"The mitochondrially targeted peptide elamipretide (SS-31) improves ADP sensitivity in aged mitochondria by increasing uptake through the adenine nucleotide translocator (ANT)","Elamipretide (ELAM) improves mitochondrial ADP sensitivity in aged muscles, restoring muscle force and heart systolic function without affecting protein abundance.","Gavin Pharaoh, Varun Kamat, Sricharan Kannan, Rudolph S. Stuppard, Jeremy A. Whitson, M. Martín-Pérez, W. Qian, M. MacCoss, J. Villén, P. Rabinovitch, Matthew D. Campbell, I. Sweet, D. Marcinek",2023,22,"Aging muscle experiences functional decline in part mediated by impaired mitochondrial ADP sensitivity. Elamipretide (ELAM) rapidly improves physiological and mitochondrial function in aging and binds directly to the mitochondrial ADP transporter ANT. We hypothesized that ELAM improves ADP sensitivity in aging leading to rescued physiological function. We measured the response to ADP stimulation in young and old muscle mitochondria with ELAM treatment, in vivo heart and muscle function, and compared protein abundance, phosphorylation, and S-glutathionylation of ADP/ATP pathway proteins. ELAM treatment increased ADP sensitivity in old muscle mitochondria by increasing uptake of ADP through the ANT and rescued muscle force and heart systolic function. Protein abundance in the ADP/ATP transport and synthesis pathway was unchanged, but ELAM treatment decreased protein s-glutathionylation incuding of ANT. Mitochondrial ADP sensitivity is rapidly modifiable. This research supports the hypothesis that ELAM improves ANT function in aging and links mitochondrial ADP sensitivity to physiological function. ELAM binds directly to ANT and ATP synthase and ELAM treatment improves ADP sensitivity, increases ATP production, and improves physiological function in old muscles. ADP (adenosine diphosphate), ATP (adenosine triphosphate), VDAC (voltage-dependent anion channel), ANT (adenine nucleotide translocator), H(proton), ROS (reactive oxygen species), NADH (nicotinamide adenine dinucleotide), FADH(flavin adenine dinucleotide), O(oxygen), ELAM (elamipretide), -SH (free thiol), -SSG (glutathionylated protein).","non-rct in vitro","GeroScience","1","10.1007/s11357-023-00861-y","https://consensus.app/papers/the-mitochondrially-targeted-peptide-elamipretide-ss31-pharaoh-kamat/314355ee704250fe80e6d7ef783d53af/"
"Improving mitochondrial function with SS-31 reverses age-related redox stress and improves exercise tolerance in aged mice.","SS-31 improves mitochondrial function and restores redox balance in aged mice, resulting in increased exercise tolerance without increasing mitochondrial content.","M. D. Campbell, J. Duan, Ashton T. Samuelson, Matthew J. Gaffrey, G. Merrihew, Jarrett D. Egertson, Lu Wang, T. Bammler, Ronald J. Moore, C. White, T. Kavanagh, J. Voss, H. Szeto, P. Rabinovitch, M. MacCoss, W. Qian, D. Marcinek",2019,113,"","non-rct experimental","Free radical biology & medicine","1","10.1016/j.freeradbiomed.2018.12.031","https://consensus.app/papers/improving-mitochondrial-function-with-ss31-reverses-campbell-duan/c2e1cce1c5f35b849f2d665a0d37fda0/"
"Long-term treatment with Elamipretide enhances healthy aging phenotypes in mice.","Long-term treatment with Elamipretide enhances healthy aging and cardiac function in mice, with specific effects differing between sexes.","K. Nickel, Lida Zhu, R. Mangalindan, J. Snyder, M. Tucker, Jeremy A. Whitson, Maryia Sweetwyne, Ana P. Valencia, J. Klug, Zhou Jiang, D. Marcinek, P. Rabinovitch, Warren Ladiges",2022,7,"Disruption of metabolic and bioenergetic homeostasis related to mitochondrial dysfunction is a key driver of aging biology. Therefore, targeting mitochondrial function would be a rational approach to slowing aging. Elamipretide (Elam, a.k.a. SS-31) is a peptide known to target mitochondria and suppress mammalian signs of aging. The present study was designed to examine the phenotypic effects of long-term Elam treatment on aging in C57BL/6 mice starting at 18 months of age. Mice were fed regular chow (RC diet) or a diet high in fat and sugar (HF diet) and treated with 3 mg/kg of Elam or saline subcutaneously 5 days per week for 10 months. Physiological performance assessments were conducted at 28 months of age. Elam improved the physical performance of males but not females, while in females Elam improved cognitive performance and enhanced the maintenance of body weight and fat mass. It also improved diastolic function in both males and females, but to a greater extent in males. The HF diet over 10 months had a negative effect on health span, as it increased body fat and decreased muscle strength and heart function, especially in females. Elam enhanced healthy aging and cardiac function in both male and female mice, although the specific effects on function differed between sexes. In females, the treatment led to better cognitive performance and maintenance of body composition, while in males, performance on a rotating rod was preserved. These overall observations have translational implications for considering additional studies using Elam in therapeutic or preventive approaches for aging and age-related diseases.","non-rct experimental","Aging pathobiology and therapeutics","","10.31491/apt.2022.09.089","https://consensus.app/papers/longterm-treatment-with-elamipretide-enhances-healthy-nickel-zhu/b953d65908425c9b825a815584f80c54/"
"Late-life restoration of mitochondrial function reverses cardiac dysfunction in old mice","Late-life restoration of mitochondrial function can reverse cardiac dysfunction in old mice, highlighting the therapeutic potential of targeting mitochondrial energetics and redox signaling.","Y. Chiao, Huiliang Zhang, Mariya T. Sweetwyne, Jeremy A. Whitson, Ying S. Ting, Nathan Basisty, Lindsay K. Pino, E. Quarles, Ngoc-Han Nguyen, M. D. Campbell, Tong Zhang, Matthew J. Gaffrey, G. Merrihew, Lu Wang, Y. Yue, D. Duan, H. Granzier, H. Szeto, W. Qian, D. Marcinek, M. MacCoss, P. Rabinovitch",2020,91,"Diastolic dysfunction is a prominent feature of cardiac aging in both mice and humans. We show here that 8-week treatment of old mice with the mitochondrial targeted peptide SS-31 (elamipretide) can substantially reverse this deficit. SS-31 normalized the increase in proton leak and reduced mitochondrial ROS in cardiomyocytes from old mice, accompanied by reduced protein oxidation and a shift towards a more reduced protein thiol redox state in old hearts. Improved diastolic function was concordant with increased phosphorylation of cMyBP-C Ser282 but was independent of titin isoform shift. Late-life viral expression of mitochondrial-targeted catalase (mCAT) produced similar functional benefits in old mice and SS-31 did not improve cardiac function of old mCAT mice, implicating normalizing mitochondrial oxidative stress as an overlapping mechanism. These results demonstrate that pre-existing cardiac aging phenotypes can be reversed by targeting mitochondrial dysfunction and implicate mitochondrial energetics and redox signaling as therapeutic targets for cardiac aging.","non-rct experimental","eLife","1","10.1101/2020.01.02.893008","https://consensus.app/papers/latelife-restoration-of-mitochondrial-function-reverses-chiao-zhang/fd3b629c5a7c5f08b584bbb800bb6137/"
"Elamipretide Improves Mitochondrial Function in the Failing Human Heart","Elamipretide significantly improves mitochondrial function in failing human hearts, enhancing oxygen flux, complex I and CIV activities, and supercomplex-associated CIV activity.","K. Chatfield, G. Sparagna, Sarah Chau, Elisabeth K. Phillips, A. Ambardekar, Muhammad Aftab, Max B. Mitchell, C. Sucharov, S. Miyamoto, B. Stauffer",2019,99,"","non-rct in vitro","JACC: Basic to Translational Science","1","10.1016/j.jacbts.2018.12.005","https://consensus.app/papers/elamipretide-improves-mitochondrial-function-in-the-chatfield-sparagna/b09727d8184a5820ac27853950daa149/"
"Elamipretide alleviates pyroptosis in traumatically injured spinal cord by inhibiting cPLA2-induced lysosomal membrane permeabilization","Elamipretide (SS-31) promotes functional recovery after spinal cord injury by inhibiting cPLA2-mediated autophagy impairment and preventing lysosomal membrane permeabilization, potentially having potential clinical application.","Haojie Zhang, Yituo Chen, Feida Li, Chenyu Wu, Wanta Cai, Hantao Ye, Haohan Su, Mingjun He, Liangliang Yang, Xiangyang Wang, Kailiang Zhou, W. Ni",2023,27,"Spinal cord injury (SCI) is a devastating injury that may result in permanent motor impairment. The active ingredients of medications are unable to reach the affected area due to the blood‒brain barrier. Elamipretide (SS-31) is a new and innovative aromatic cationic peptide. Because of its alternating aromatic and cationic groups, it freely crosses the blood‒brain barrier. It is also believed to decrease inflammation and protect against a variety of neurological illnesses. This study explored the therapeutic value of SS-31 in functional recovery after SCI and its possible underlying mechanism. A spinal cord contusion injury model as well as the Basso Mouse Scale, footprint assessment, and inclined plane test were employed to assess how well individuals could function following SCI. The area of glial scarring, the number of dendrites, and the number of synapses after SCI were confirmed by HE, Masson, MAP2, and Syn staining. Western blotting, immunofluorescence, and enzyme-linked immunosorbent assays were employed to examine the expression levels of pyroptosis-, autophagy-, lysosomal membrane permeabilization (LMP)- and MAPK signalling-related proteins. The outcomes showed that SS-31 inhibited pyroptosis, enhanced autophagy and attenuated LMP in SCI. Mechanistically, we applied AAV vectors to upregulate Pla2g4A in vivo and found that SS-31 enhanced autophagy and attenuated pyroptosis and LMP by inhibiting phosphorylation of cPLA2. Ultimately, we applied asiatic acid (a p38-MAPK agonist) to test whether SS-31 regulated cPLA2 partially through the MAPK-P38 signalling pathway. Our group is the first to suggest that SS-31 promotes functional recovery partially by inhibiting cPLA2-mediated autophagy impairment and preventing LMP and pyroptosis after SCI, which may have potential clinical application value.","non-rct experimental","Journal of Neuroinflammation","1","10.1186/s12974-023-02690-4","https://consensus.app/papers/elamipretide-alleviates-pyroptosis-in-traumatically-zhang-chen/d9f48bb8d3a754d6bf60fef4753e9742/"
"Elamipretide (SS-31) improves mitochondrial dysfunction, synaptic and memory impairment induced by lipopolysaccharide in mice","Elamipretide, a mitochondrion-targeted antioxidant, can improve memory impairment caused by lipopolysaccharide in mice by reducing mitochondrial dysfunction and oxidative stress.","Weixing Zhao, Zhi-Peng Xu, Jiangbei Cao, Q. Fu, Yishuang Wu, Xiaoying Zhang, Y. Long, Xuan Zhang, Yitian Yang, Yunfeng Li, W. Mi",2019,155,"It is widely accepted that mitochondria have a direct impact on neuronal function and survival. Oxidative stress caused by mitochondrial abnormalities play an important role in the pathophysiology of lipopolysaccharide (LPS)-induced memory impairment. Elamipretide (SS-31) is a novel mitochondrion-targeted antioxidant. However, the impact of elamipretide on the cognitive sequelae of inflammatory and oxidative stress is unknown. We utilized MWM and contextual fear conditioning test to assess hippocampus-related learning and memory performance. Molecular biology techniques and ELISA were used to examine mitochondrial function, oxidative stress, and the inflammatory response. TUNEL and Golgi-staining was used to detect neural cell apoptosis and the density of dendritic spines in the mouse hippocampus. Mice treated with LPS exhibited mitochondrial dysfunction, oxidative stress, an inflammatory response, neural cell apoptosis, and loss of dendritic spines in the hippocampus, leading to impaired hippocampus-related learning and memory performance in the MWM and contextual fear conditioning test. Treatment with elamipretide significantly ameliorated LPS-induced learning and memory impairment during behavioral tests. Notably, elamipretide not only provided protective effects against mitochondrial dysfunction and oxidative stress but also facilitated the regulation of brain-derived neurotrophic factor (BDNF) signaling, including the reversal of important synaptic-signaling proteins and increased synaptic structural complexity. These findings indicate that LPS-induced memory impairment can be attenuated by the mitochondrion-targeted antioxidant elamipretide. Consequently, elamipretide may have a therapeutic potential in preventing damage from the oxidative stress and neuroinflammation that contribute to perioperative neurocognitive disorders (PND), which makes mitochondria a potential target for treatment strategies for PND.","non-rct experimental","Journal of Neuroinflammation","1","10.1186/s12974-019-1627-9","https://consensus.app/papers/elamipretide-ss31-improves-mitochondrial-dysfunction-zhao-xu/16a3b5e36899599b9caf9d374a3a4c56/"
"Elamipretide (SS-31) treatment attenuates age-associated post-translational modifications of heart proteins","Elamipretide treatment can partially restore age-related changes in heart protein oxidation and phosphorylation, potentially improving heart function in mice.","Jeremy A. Whitson, M. Martín-Pérez, Tong Zhang, Matthew J. Gaffrey, G. Merrihew, Eric Huang, C. White, T. Kavanagh, W. Qian, M. D. Campbell, M. MacCoss, D. Marcinek, J. Villén, P. Rabinovitch",2021,25,"It has been demonstrated that elamipretide (SS-31) rescues age-related functional deficits in the heart but the full set of mechanisms behind this have yet to be determined. We investigated the hypothesis that elamipretide influences post-translational modifications to heart proteins. The S-glutathionylation and phosphorylation proteomes of mouse hearts were analyzed using shotgun proteomics to assess the effects of aging on these post-translational modifications and the ability of the mitochondria-targeted drug elamipretide to reverse age-related changes. Aging led to an increase in oxidation of protein thiols demonstrated by increased S-glutathionylation of cysteine residues on proteins from Old (24 months old at the start of the study) mouse hearts compared to Young (5-6 months old). This shift in the oxidation state of the proteome was almost completely reversed by 8 weeks of treatment with elamipretide. Many of the significant changes that occurred were in proteins involved in mitochondrial or cardiac function. We also found changes in the mouse heart phosphoproteome that were associated with age, some of which were partially restored with elamipretide treatment. Parallel reaction monitoring of a subset of phosphorylation sites revealed that the unmodified peptide reporting for Myot S231 increased with age, but not its phosphorylated form and that both phosphorylated and unphosphorylated forms of the peptide covering cMyBP-C S307 increased, but that elamipretide treatment did not affect these changes. These results suggest that changes to thiol redox state and phosphorylation status are two ways in which age may affect mouse heart function, which can be restored by treatment with elamipretide.","non-rct experimental","GeroScience","1","10.1007/s11357-021-00447-6","https://consensus.app/papers/elamipretide-ss31-treatment-attenuates-ageassociated-whitson-mart%C3%ADn-p%C3%A9rez/040c9ff9860b524baf78afa3a6a6387c/"
"Natural history comparison study to assess the efficacy of elamipretide in patients with Barth syndrome","Elamipretide may improve Barth syndrome patients' heart function and functional capacity by attenuating natural decline in heart function compared to untreated patients.","Brittany Hornby, W. R. Thompson, Mohammed Almuqbil, Ryan Manuel, Anthony Abbruscato, Jim Carr, H. Vernon",2022,15,"Natural history studies are increasingly recognized as having an important role in drug development for rare diseases. A phase 3, observational, retrospective, and non-interventional study was designed to establish a natural history control (NHC) cohort of patients with Barth syndrome (BTHS) to provide further analysis of the efficacy of elamipretide observed in an open-label extension (OLE) phase of the TAZPOWER trial, a clinical trial that tested the efficacy of 40 mg daily of elamipretide in patients with BTHS. This was a retrospective, non-interventional study. A propensity score model was used to compare elamipretide-treated patients and NHCs. The analysis included 8 patients from the TAZPOWER OLE and 19 untreated NHCs (including 12 with serial echocardiographic assessments). For the 6-min walk test (6MWT, primary endpoint), the least squares (LS) mean difference between groups was 79.7 m (P = 0.0004) at week 64 and 91.0 m (P = 0.0005) at week 76 in favor of elamipretide. Significant improvements in muscle strength (secondary endpoint), as assessed by handheld dynamometry (HHD) were also observed with elamipretide, with LS mean differences of 40.8 Newtons at 64 weeks (P = 0.0002) and 56.7 Newtons at 76 weeks (P = 0.0005). Patients continuously treated with elamipretide also experienced statistically significant improvements in other secondary endpoints (i.e., 5 times sit-to-stand [5XSST], multi-domain responder index [MDRI]). The functional improvements were robust to sensitivity analyses. Left ventricular stroke volume increased from baseline in patients with elamipretide but decreased in NHCs. Overall, the study established a NHC for use in assessing the efficacy of therapeutic interventions in patients with BTHS and the results suggest that elamipretide may improve natural history of BTHS at least in part by attenuating the natural decline in heart function and provide meaningful improvements in heart function and functional capacity in patients with BTHS compared to NHCs. A matched Natural History Control (NHC) was used to evaluate elamipretide in BTHS Elamipretide may improve natural history of BTHS by attenuating natural decline in heart function Elamipretide was associated with meaningful clinical improvements in skeletal muscle and cardiovascular parameters that were not observed in NHCs The study established a NHC for use in assessing the efficacy of therapeutic interventions in BTHS.","non-rct experimental","Orphanet Journal of Rare Diseases","1","10.1186/s13023-022-02469-5","https://consensus.app/papers/natural-history-comparison-study-to-assess-the-efficacy-of-hornby-thompson/b3ad64c52b155fa790e65a9798256841/"
"Therapeutic Peptide SS-31 Modulates Membrane Binding and Aggregation of α-Synuclein and Restores Impaired Mitochondrial Function","SS-31 shows potential as a therapeutic candidate to attenuate neurodegeneration linked to -synuclein misfolding and aggregation by modulating -synuclein interaction with lipid membranes and restoring impaired mitochondrial function.","Ewelina Stefaniak, Beiyuan Cui, Kexin Sun, Xucheng Yan, Xiangyu Teng, Liming Ying",2024,0,"Membrane binding and aggregation properties of α-synuclein are closely associated with Parkinson’s disease and a class of related syndromes named as synucleinopathy. This study explored the potential of SS-31 (Elamipretide), a therapeutic tetrapeptide with alternating cationic and aromatic residues and known properties of mitochondrial inner membrane binding and oxidative stress reduction, in modulating α-synuclein interaction with the lipid membranes and mitigating impairment of mitochondrial function induced by α-synuclein oligomers. It was demonstrated by both fluorescence correlation spectroscopy and fluorescence anisotropy that SS-31 displaces both wild-type and N-terminus acetylated α-synuclein from negatively charged small unilamellar vesicles in a dose-dependent manner. Thioflavin-T assay and transmission electron microscopy (TEM) showed that SS-31 inhibits membrane-induced α-synuclein aggregation and alters the morphology of α-synuclein fibrils. Moreover, Seahorse Mito Stress Test indicated that SS-31 restores impaired mitochondrial function in α-synuclein oligomer-treated neuroblastoma cells. Finally, confocal imaging revealed that SS-31 hinders cellular uptake of α-synuclein oligomers, possibly by modifying cell membrane electrostatics. These findings underscore the multifaceted protective role of SS-31 against mitochondrial dysfunction caused by α-synuclein aggregation. Consequently, SS-31 emerges as a promising therapeutic candidate to attenuate neurodegeneration pertinent to α-synuclein misfolding and aggregation. There is a good potential for further refinement of such peptide against many diseases linked to mitochondrial dysfunction and oxidative stress.","non-rct in vitro","bioRxiv","","10.1101/2024.07.11.603085","https://consensus.app/papers/therapeutic-peptide-ss31-modulates-membrane-binding-and-stefaniak-cui/967232d0ea5355e28a112e523943799e/"
